{"cameraMode":{"drawMode":0,"name":"Shaded","section":"Shading Mode"},"sceneLighting":true,"audioPlay":false,"sceneViewState":{"m_AlwaysRefresh":false,"showFog":true,"showSkybox":true,"showFlares":true,"showImageEffects":true,"showParticleSystems":true,"showVisualEffectGraphs":true,"m_FxEnabled":true},"in2DMode":false,"pivot":{"x":129.66319274902345,"y":170.4994659423828,"z":-25.693145751953126},"rotation":{"x":0.02968306466937065,"y":-0.9698455333709717,"z":0.1549191027879715,"w":0.18581217527389527},"size":217.8419647216797,"orthographic":false}